Produk;Kategori
~ BODY FIRM ADVANCED BODY REPAIR TREATMENT ~;Miscellaneous
~ THE ONE EAU DE PARFUM SPRAY ~;Eau de Parfum (EDP)
Aftershave;Miscellaneous
Assorted;Miscellaneous
ASST;Miscellaneous
Bath Oil;Body Care
BEAUTY;Miscellaneous
Body Lotion;Body Care
Body Mist;Body Care
Body Oil;Body Care
Body Powder;Body Care
Body Spray;Body Care
Car Air Freshener;Miscellaneous
Cologne;Cologne
Cologne Spray;Cologne
Concentrated Uncut Pure Body Oil;Fragrance Oil
Cream;Body Care
De Nuit;Miscellaneous
deodorant;Deodorant
Deodorant Body Spray;Deodorant
Deodorant Stick;Deodorant
DIOR HOMME COLOGNE;Cologne
Discovery Set;Gift Sets
Does not apply;Miscellaneous
Eau De Cologne;Eau de Cologne (EDC)
EAU DE COLOGNE SPRAY;Eau de Cologne (EDC)
Eau de Cologne Spray, Cologne Spray;Eau de Cologne (EDC)
Eau De Parfum;Eau de Parfum (EDP)
Eau De Parfum 2 Pcs Set;Eau de Parfum (EDP)
Eau De Parfum 3 Pcs Set;Eau de Parfum (EDP)
Eau de Parfum Intense;Eau de Parfum (EDP)
Eau De Parfum Spray (Unisex Tester) 3.4 oz;Eau de Parfum (EDP)
Eau De Parfum Supreme;Eau de Parfum (EDP)
Eau de Parfum, Eau De Parfume;Eau de Parfum (EDP)
Eau de Parfum, Spray;Eau de Parfum (EDP)
Eau de Parfum/ Eau de Toilette;Eau de Parfum (EDP)
Eau de Parfum/Perfume;Eau de Parfum (EDP)
Eau de Parfume;Eau de Parfum (EDP)
Eau de Perfume;Eau de Parfum (EDP)
Eau de Toilette;Eau de Toilette (EDT)
Eau de Toilette Intense;Eau de Toilette (EDT)
Eau De Toilette Spray 3.4 oz;Eau de Toilette (EDT)
Eau de Toilette, Cologne Spray;Eau de Toilette (EDT)
Eau De Toilette, Eau De Parfum, Eau De Parfum Intense;Eau de Toilette (EDT)
Eau de Toilette, Spray;Eau de Toilette (EDT)
Eau De Toillete;Eau de Toilette (EDT)
Eau de Toillette;Eau de Toilette (EDT)
EDC;Eau de Cologne (EDC)
Editions Parfums;Miscellaneous
EDP;Eau de Parfum (EDP)
EDP and Parfum;Eau de Parfum (EDP)
EDT;Eau de Toilette (EDT)
edt;Eau de Toilette (EDT)
Elixir;Miscellaneous
Elixir de Parfum;Eau de Parfum (EDP)
Esprit de Parfum;Eau de Parfum (EDP)
Extract Parfum;Eau de Parfum (EDP)
EXTRAIT DE PARFUM;Eau de Parfum (EDP)
Extrait de Parfum;Eau de Parfum (EDP)
Fine Cologne;Cologne
Fine Fragrance Mist;Fragrance Mist
Fragrance & Perfume;Miscellaneous
FRAGRANCE BODY MIST;Fragrance Mist
Fragrance Body Spray;Fragrance Mist
Fragrance Mist;Fragrance Mist
Fragrance Oil;Fragrance Oil
Fragrance Rolling Ball;Fragrance Mist
Fragrances;Miscellaneous
Gift Sets;Gift Sets
Hair Perfume;Body Care
Jo Malone Cologne Intense Spray;Cologne
LE PARFUM;Miscellaneous
le parfum;Miscellaneous
L'eau de Parfum;Eau de Parfum (EDP)
L'Eau de Parfum;Eau de Parfum (EDP)
Lotion;Body Care
Mist;Miscellaneous
Oil;Fragrance Oil
Oil Perfume;Fragrance Oil
Parfum;Perfume
Parfum Intense;Eau de Parfum (EDP)
Parfum, Lotion, Gloss and Blush;Miscellaneous
Perfume;Eau de Parfum (EDP)
Perfume Fragrance Mist;Fragrance Mist
Perfume Gift Sets;Gift Sets
Perfume Oil;Fragrance Oil
Perfume, Eau de Parfum;Eau de Parfum (EDP)
Pheromone;Miscellaneous
Pink Sugar;Miscellaneous
Roll On;Miscellaneous
Scented Oils;Fragrance Oil
Sensuous Body Moisturizer;Body Care
Shimmer;Body Care
Shimmering Body Oil;Body Care
SKIN_MOISTURIZER;Body Care
SOLID PERFUME STICK;Miscellaneous
Splash-on;Miscellaneous
Spray;Miscellaneous
Toilette Spray;Eau de Toilette (EDT)
Unscented;Miscellaneous
Various;Miscellaneous
